Comment:,e80 s3t2

Date,Time,Air Temp,Air Temp SP,Humidity,Load Temp,Load Temp TH,Load Temp SP,
4/23/2015,18:16:51,22.6,25.0,100.000,21.6,0.0,0.0,
4/23/2015,18:16:57,22.6,25.0,100.000,21.6,0.0,0.0,
4/23/2015,18:17:03,22.6,25.0,100.000,21.6,0.0,0.0,
4/23/2015,18:17:09,22.6,25.0,100.000,21.6,0.0,0.0,
4/23/2015,18:17:15,22.6,25.0,100.000,21.6,0.0,0.0,
4/23/2015,18:17:21,22.6,25.0,100.000,21.6,0.0,0.0,
4/23/2015,18:17:27,22.6,25.0,100.000,21.6,0.0,0.0,
4/23/2015,18:17:33,22.6,25.0,100.000,21.6,0.0,0.0,
4/23/2015,18:17:39,22.6,25.0,100.000,21.6,0.0,0.0,
4/23/2015,18:17:45,22.6,25.0,100.000,21.6,0.0,0.0,
4/23/2015,18:17:51,22.6,25.0,100.000,21.6,0.0,0.0,
4/23/2015,18:17:57,22.6,25.0,100.000,21.6,0.0,0.0,
4/23/2015,18:18:03,22.6,25.0,100.000,21.6,0.0,0.0,
4/23/2015,18:18:09,22.6,25.0,100.000,21.6,0.0,0.0,
4/23/2015,18:18:15,22.6,25.0,100.000,21.6,0.0,0.0,
4/23/2015,18:18:21,22.5,25.0,100.000,21.6,0.0,0.0,
4/23/2015,18:18:27,22.5,25.0,100.000,21.6,0.0,0.0,
4/23/2015,18:18:33,22.5,25.0,100.000,21.6,0.0,0.0,
4/23/2015,18:18:39,22.5,25.0,100.000,21.5,0.0,0.0,
4/23/2015,18:18:45,22.5,25.0,100.000,21.5,0.0,0.0,
4/23/2015,18:18:51,22.5,25.0,100.000,21.5,0.0,0.0,
4/23/2015,18:18:57,22.5,25.0,100.000,21.5,0.0,0.0,
4/23/2015,18:19:03,22.5,25.0,100.000,21.5,0.0,0.0,
4/23/2015,18:19:09,22.5,25.0,100.000,21.5,0.0,0.0,
4/23/2015,18:19:15,22.5,25.0,100.000,21.5,0.0,0.0,
4/23/2015,18:19:21,22.5,25.0,100.000,21.5,0.0,0.0,
4/23/2015,18:19:27,22.5,25.0,100.000,21.6,0.0,0.0,
4/23/2015,18:19:33,22.5,25.0,100.000,21.5,0.0,0.0,
4/23/2015,18:19:39,22.5,25.0,100.000,21.5,0.0,0.0,
4/23/2015,18:19:45,22.5,25.0,100.000,21.5,0.0,0.0,
4/23/2015,18:19:51,22.5,25.0,100.000,21.6,0.0,0.0,
4/23/2015,18:19:57,22.5,25.0,100.000,21.6,0.0,0.0,
4/23/2015,18:20:03,22.5,25.0,100.000,21.6,0.0,0.0,
4/23/2015,18:20:09,22.5,25.0,100.000,21.5,0.0,0.0,
4/23/2015,18:20:15,22.5,25.0,100.000,21.5,0.0,0.0,
4/23/2015,18:20:21,22.5,25.0,100.000,21.6,0.0,0.0,
4/23/2015,18:20:27,22.5,25.0,100.000,21.5,0.0,0.0,
4/23/2015,18:20:33,22.5,25.0,100.000,21.6,0.0,0.0,
4/23/2015,18:20:39,22.5,25.0,100.000,21.5,0.0,0.0,
4/23/2015,18:20:45,22.5,25.0,100.000,21.5,0.0,0.0,
4/23/2015,18:20:51,22.5,25.0,100.000,21.6,0.0,0.0,
4/23/2015,18:20:57,22.5,25.0,100.000,21.5,0.0,0.0,
4/23/2015,18:21:03,22.5,25.0,100.000,21.5,0.0,0.0,
4/23/2015,18:21:09,22.5,25.0,100.000,21.5,0.0,0.0,
4/23/2015,18:21:15,22.5,25.0,100.000,21.5,0.0,0.0,
4/23/2015,18:21:21,22.5,25.0,100.000,21.5,0.0,0.0,
4/23/2015,18:21:27,22.5,25.0,100.000,21.5,0.0,0.0,
4/23/2015,18:21:33,22.5,25.0,100.000,21.5,0.0,0.0,
4/23/2015,18:21:39,22.5,25.0,100.000,21.5,0.0,0.0,
4/23/2015,18:21:45,22.5,25.0,100.000,21.5,0.0,0.0,
4/23/2015,18:21:51,22.5,25.0,100.000,21.5,0.0,0.0,
4/23/2015,18:21:57,22.5,25.0,100.000,21.5,0.0,0.0,
4/23/2015,18:22:03,22.5,25.0,100.000,21.5,0.0,0.0,
4/23/2015,18:22:09,22.5,25.0,100.000,21.5,0.0,0.0,
4/23/2015,18:22:15,22.5,25.0,100.000,21.5,0.0,0.0,
4/23/2015,18:22:21,22.5,25.0,100.000,21.5,0.0,0.0,
4/23/2015,18:22:27,22.5,25.0,100.000,21.5,0.0,0.0,
4/23/2015,18:22:33,22.5,25.0,100.000,21.5,0.0,0.0,
4/23/2015,18:22:39,22.4,25.0,100.000,21.5,0.0,0.0,
4/23/2015,18:22:45,22.4,25.0,100.000,21.5,0.0,0.0,
4/23/2015,18:22:51,22.5,25.0,100.000,21.5,0.0,0.0,
4/23/2015,18:22:57,22.5,25.0,100.000,21.5,0.0,0.0,
4/23/2015,18:23:03,22.4,25.0,100.000,21.5,0.0,0.0,
4/23/2015,18:23:09,22.4,25.0,100.000,21.5,0.0,0.0,
4/23/2015,18:23:15,22.4,25.0,100.000,21.5,0.0,0.0,
4/23/2015,18:23:21,22.4,25.0,100.000,21.5,0.0,0.0,
4/23/2015,18:23:27,22.4,25.0,100.000,21.5,0.0,0.0,
4/23/2015,18:23:33,22.4,25.0,100.000,21.5,0.0,0.0,
4/23/2015,18:23:39,22.4,25.0,100.000,21.5,0.0,0.0,
4/23/2015,18:23:45,22.4,25.0,100.000,21.5,0.0,0.0,
4/23/2015,18:23:51,22.4,25.0,100.000,21.5,0.0,0.0,
4/23/2015,18:23:57,22.4,25.0,100.000,21.5,0.0,0.0,
4/23/2015,18:24:03,22.5,25.0,100.000,21.5,0.0,0.0,
4/23/2015,18:24:09,22.5,25.0,100.000,21.5,0.0,0.0,
4/23/2015,18:24:15,22.4,25.0,100.000,21.5,0.0,0.0,
4/23/2015,18:24:21,22.4,25.0,100.000,21.5,0.0,0.0,
4/23/2015,18:24:27,22.4,25.0,100.000,21.5,0.0,0.0,
4/23/2015,18:24:33,22.4,25.0,100.000,21.5,0.0,0.0,
4/23/2015,18:24:39,22.4,25.0,100.000,21.5,0.0,0.0,
4/23/2015,18:24:45,22.4,25.0,100.000,21.5,0.0,0.0,
4/23/2015,18:24:51,22.4,25.0,100.000,21.5,0.0,0.0,
4/23/2015,18:24:57,22.4,25.0,100.000,21.5,0.0,0.0,
4/23/2015,18:25:03,22.4,25.0,100.000,21.5,0.0,0.0,
4/23/2015,18:25:09,22.4,25.0,100.000,21.5,0.0,0.0,
4/23/2015,18:25:15,22.4,25.0,100.000,21.5,0.0,0.0,
4/23/2015,18:25:21,22.4,25.0,100.000,21.5,0.0,0.0,
4/23/2015,18:25:27,22.4,25.0,100.000,21.5,0.0,0.0,
4/23/2015,18:25:33,22.4,25.0,100.000,21.5,0.0,0.0,
4/23/2015,18:25:39,22.4,25.0,100.000,21.5,0.0,0.0,
4/23/2015,18:25:45,22.4,25.0,100.000,21.5,0.0,0.0,
4/23/2015,18:25:51,22.4,25.0,100.000,21.5,0.0,0.0,
4/23/2015,18:25:57,22.4,25.0,100.000,21.5,0.0,0.0,
4/23/2015,18:26:03,22.4,25.0,100.000,21.5,0.0,0.0,
4/23/2015,18:26:09,22.4,25.0,100.000,21.5,0.0,0.0,
4/23/2015,18:26:15,22.4,25.0,100.000,21.5,0.0,0.0,
4/23/2015,18:26:21,22.4,25.0,100.000,21.5,0.0,0.0,
4/23/2015,18:26:27,22.4,25.0,100.000,21.5,0.0,0.0,
4/23/2015,18:26:33,22.4,25.0,100.000,21.5,0.0,0.0,
4/23/2015,18:26:39,22.4,25.0,100.000,21.5,0.0,0.0,
4/23/2015,18:26:45,22.4,25.0,100.000,21.5,0.0,0.0,
4/23/2015,18:26:51,22.4,25.0,100.000,21.5,0.0,0.0,
4/23/2015,18:26:57,22.4,25.0,100.000,21.5,0.0,0.0,
4/23/2015,18:27:03,22.4,25.0,100.000,21.5,0.0,0.0,
4/23/2015,18:27:09,22.4,25.0,100.000,21.5,0.0,0.0,
4/23/2015,18:27:15,22.4,25.0,100.000,21.5,0.0,0.0,
4/23/2015,18:27:21,22.4,25.0,100.000,21.5,0.0,0.0,
4/23/2015,18:27:27,22.4,25.0,100.000,21.5,0.0,0.0,
4/23/2015,18:27:33,22.4,25.0,100.000,21.5,0.0,0.0,
4/23/2015,18:27:39,22.4,25.0,100.000,21.5,0.0,0.0,
4/23/2015,18:27:45,22.4,25.0,100.000,21.5,0.0,0.0,
4/23/2015,18:27:51,22.4,25.0,100.000,21.5,0.0,0.0,
4/23/2015,18:27:57,22.4,25.0,100.000,21.5,0.0,0.0,
4/23/2015,18:28:03,22.4,25.0,100.000,21.5,0.0,0.0,
4/23/2015,18:28:09,22.4,25.0,100.000,21.5,0.0,0.0,
4/23/2015,18:28:15,22.4,25.0,100.000,21.4,0.0,0.0,
4/23/2015,18:28:21,22.5,25.0,100.000,21.4,0.0,0.0,
4/23/2015,18:28:27,22.4,25.0,100.000,21.4,0.0,0.0,
4/23/2015,18:28:33,22.4,25.0,100.000,21.4,0.0,0.0,
4/23/2015,18:28:39,22.4,25.0,100.000,21.4,0.0,0.0,
4/23/2015,18:28:45,22.4,25.0,100.000,21.3,0.0,0.0,
4/23/2015,18:28:51,22.4,25.0,100.000,21.3,0.0,0.0,
4/23/2015,18:28:57,22.4,25.0,100.000,21.3,0.0,0.0,
4/23/2015,18:29:03,22.4,25.0,100.000,21.3,0.0,0.0,
4/23/2015,18:29:09,22.4,25.0,100.000,21.3,0.0,0.0,
4/23/2015,18:29:15,22.4,25.0,100.000,21.2,0.0,0.0,
4/23/2015,18:29:21,22.4,25.0,100.000,21.2,0.0,0.0,
4/23/2015,18:29:27,22.4,25.0,100.000,21.2,0.0,0.0,
4/23/2015,18:29:33,22.4,25.0,100.000,21.2,0.0,0.0,
4/23/2015,18:29:39,22.4,25.0,100.000,21.2,0.0,0.0,
4/23/2015,18:29:45,22.4,25.0,100.000,21.1,0.0,0.0,
4/23/2015,18:29:51,22.4,25.0,100.000,21.1,0.0,0.0,
4/23/2015,18:29:57,22.4,25.0,100.000,21.1,0.0,0.0,
4/23/2015,18:30:03,22.4,25.0,100.000,21.1,0.0,0.0,
4/23/2015,18:30:09,22.4,25.0,100.000,21.1,0.0,0.0,
4/23/2015,18:30:15,22.4,25.0,100.000,21.0,0.0,0.0,
4/23/2015,18:30:21,22.4,25.0,100.000,21.0,0.0,0.0,
4/23/2015,18:30:27,22.4,25.0,100.000,21.0,0.0,0.0,
4/23/2015,18:30:33,22.3,25.0,100.000,21.0,0.0,0.0,
4/23/2015,18:30:39,22.3,25.0,100.000,21.0,0.0,0.0,
4/23/2015,18:30:45,22.4,25.0,100.000,21.0,0.0,0.0,
4/23/2015,18:30:51,22.4,25.0,100.000,21.0,0.0,0.0,
4/23/2015,18:30:57,22.4,25.0,100.000,21.0,0.0,0.0,
4/23/2015,18:31:03,22.4,25.0,100.000,21.0,0.0,0.0,
4/23/2015,18:31:09,22.4,25.0,100.000,21.0,0.0,0.0,
4/23/2015,18:31:15,22.4,25.0,100.000,21.0,0.0,0.0,
4/23/2015,18:31:21,22.4,25.0,100.000,21.1,0.0,0.0,
4/23/2015,18:31:27,22.4,25.0,100.000,21.1,0.0,0.0,
4/23/2015,18:31:33,22.4,25.0,100.000,21.1,0.0,0.0,
4/23/2015,18:31:39,22.4,25.0,100.000,21.1,0.0,0.0,
4/23/2015,18:31:45,22.4,25.0,100.000,21.1,0.0,0.0,
4/23/2015,18:31:51,22.4,25.0,100.000,21.1,0.0,0.0,
4/23/2015,18:31:57,22.4,25.0,100.000,21.1,0.0,0.0,
4/23/2015,18:32:03,22.4,24.8,100.000,21.1,0.0,25.0,
4/23/2015,18:32:09,22.3,24.0,100.000,21.1,0.0,25.0,
4/23/2015,18:32:15,22.6,23.0,100.000,21.3,0.0,25.0,
4/23/2015,18:32:21,23.3,22.0,100.000,21.6,0.0,25.0,
4/23/2015,18:32:27,23.7,21.0,100.000,22.0,0.0,25.0,
4/23/2015,18:32:33,23.8,19.8,100.000,22.3,0.0,25.0,
4/23/2015,18:32:39,23.7,18.8,100.000,22.4,0.0,25.0,
4/23/2015,18:32:45,23.5,17.8,100.000,22.5,0.0,25.0,
4/23/2015,18:32:51,23.3,17.0,100.000,22.5,0.0,25.0,
4/23/2015,18:32:57,23.0,16.0,100.000,22.5,0.0,25.0,
4/23/2015,18:33:03,22.8,15.0,100.000,22.5,0.0,25.0,
4/23/2015,18:33:09,22.6,14.0,100.000,22.4,0.0,25.0,
4/23/2015,18:33:15,22.3,12.8,100.000,22.4,0.0,25.0,
4/23/2015,18:33:21,22.0,11.8,100.000,22.3,0.0,25.0,
4/23/2015,18:33:27,21.6,10.8,100.000,22.1,0.0,25.0,
4/23/2015,18:33:33,21.0,9.8,100.000,21.8,0.0,25.0,
4/23/2015,18:33:39,20.3,9.0,100.000,21.5,0.0,25.0,
4/23/2015,18:33:45,19.6,8.0,100.000,21.1,0.0,25.0,
4/23/2015,18:33:51,18.6,7.0,100.000,20.7,0.0,25.0,
4/23/2015,18:33:57,17.5,6.0,100.000,20.1,0.0,25.0,
4/23/2015,18:34:03,16.4,5.0,100.000,19.5,0.0,25.0,
4/23/2015,18:34:09,15.1,5.0,100.000,18.7,0.0,25.0,
4/23/2015,18:34:15,13.8,5.0,100.000,17.9,0.0,25.0,
4/23/2015,18:34:21,12.4,5.0,100.000,17.0,0.0,25.0,
4/23/2015,18:34:27,10.9,5.0,100.000,16.0,0.0,25.0,
4/23/2015,18:34:33,9.5,5.0,100.000,15.1,0.0,25.0,
4/23/2015,18:34:39,8.2,5.0,100.000,14.1,0.0,25.0,
4/23/2015,18:34:45,7.1,5.0,100.000,13.2,0.0,25.0,
4/23/2015,18:34:51,6.4,5.0,100.000,12.4,0.0,25.0,
4/23/2015,18:34:57,5.9,5.0,100.000,11.7,0.0,25.0,
4/23/2015,18:35:03,5.6,5.0,100.000,11.2,0.0,25.0,
4/23/2015,18:35:09,5.6,5.0,100.000,10.7,0.0,25.0,
4/23/2015,18:35:15,5.6,5.0,100.000,10.4,0.0,25.0,
4/23/2015,18:35:21,5.8,5.0,100.000,10.1,0.0,25.0,
4/23/2015,18:35:27,5.9,5.0,100.000,9.9,0.0,25.0,
4/23/2015,18:35:33,6.0,5.0,100.000,9.8,0.0,25.0,
4/23/2015,18:35:39,6.1,5.0,100.000,9.6,0.0,25.0,
4/23/2015,18:35:45,6.2,5.0,100.000,9.5,0.0,25.0,
4/23/2015,18:35:51,6.1,5.0,100.000,9.3,0.0,25.0,
4/23/2015,18:35:57,6.1,5.0,100.000,9.2,0.0,25.0,
4/23/2015,18:36:03,6.0,5.0,100.000,9.0,0.0,25.0,
4/23/2015,18:36:09,5.8,5.0,100.000,8.9,0.0,25.0,
4/23/2015,18:36:15,5.7,5.0,100.000,8.7,0.0,25.0,
4/23/2015,18:36:21,5.5,5.0,100.000,8.5,0.0,25.0,
4/23/2015,18:36:27,5.4,5.0,100.000,8.4,0.0,25.0,
4/23/2015,18:36:33,5.3,5.0,100.000,8.2,0.0,25.0,
4/23/2015,18:36:39,5.2,5.0,100.000,8.1,0.0,25.0,
4/23/2015,18:36:45,5.1,5.0,100.000,7.9,0.0,25.0,
4/23/2015,18:36:51,5.1,5.0,100.000,7.8,0.0,25.0,
4/23/2015,18:36:57,5.0,5.0,100.000,7.7,0.0,25.0,
4/23/2015,18:37:03,5.0,5.0,100.000,7.6,0.0,25.0,
4/23/2015,18:37:09,5.0,5.0,100.000,7.5,0.0,25.0,
4/23/2015,18:37:15,5.0,5.0,100.000,7.4,0.0,25.0,
4/23/2015,18:37:21,5.0,5.0,100.000,7.3,0.0,25.0,
4/23/2015,18:37:27,4.9,5.0,100.000,7.2,0.0,25.0,
4/23/2015,18:37:33,4.9,5.0,100.000,7.1,0.0,25.0,
4/23/2015,18:37:39,4.9,5.0,100.000,7.1,0.0,25.0,
4/23/2015,18:37:45,4.9,5.0,100.000,7.0,0.0,25.0,
4/23/2015,18:37:51,5.0,5.0,100.000,7.0,0.0,25.0,
4/23/2015,18:37:57,5.0,5.0,100.000,6.9,0.0,25.0,
4/23/2015,18:38:03,5.0,5.0,100.000,6.9,0.0,25.0,
4/23/2015,18:38:09,4.9,5.0,100.000,6.8,0.0,25.0,
4/23/2015,18:38:15,4.9,5.0,100.000,6.7,0.0,25.0,
4/23/2015,18:38:21,4.9,5.0,100.000,6.7,0.0,25.0,
4/23/2015,18:38:27,4.9,5.0,100.000,6.7,0.0,25.0,
4/23/2015,18:38:33,4.8,5.0,100.000,6.6,0.0,25.0,
4/23/2015,18:38:39,4.8,5.0,100.000,6.5,0.0,25.0,
4/23/2015,18:38:45,4.8,5.0,100.000,6.4,0.0,25.0,
4/23/2015,18:38:51,4.8,5.0,100.000,6.4,0.0,25.0,
4/23/2015,18:38:57,4.8,5.0,100.000,6.3,0.0,25.0,
4/23/2015,18:39:03,4.8,5.0,100.000,6.3,0.0,25.0,
4/23/2015,18:39:09,4.8,6.2,100.000,6.3,0.0,25.0,
4/23/2015,18:39:15,4.8,7.2,100.000,6.2,0.0,25.0,
4/23/2015,18:39:21,5.0,8.2,100.000,6.3,0.0,25.0,
4/23/2015,18:39:27,5.5,9.0,100.000,6.4,0.0,25.0,
4/23/2015,18:39:33,6.4,10.0,100.000,6.7,0.0,25.0,
4/23/2015,18:39:39,7.5,10.0,100.000,7.2,0.0,25.0,
4/23/2015,18:39:45,8.5,10.0,100.000,7.7,0.0,25.0,
4/23/2015,18:39:51,9.5,10.0,100.000,8.2,0.0,25.0,
4/23/2015,18:39:57,10.2,10.0,100.000,8.8,0.0,25.0,
4/23/2015,18:40:03,10.6,10.0,100.000,9.2,0.0,25.0,
4/23/2015,18:40:09,10.7,10.0,100.000,9.5,0.0,25.0,
4/23/2015,18:40:15,10.7,10.0,100.000,9.7,0.0,25.0,
4/23/2015,18:40:21,10.6,10.0,100.000,9.8,0.0,25.0,
4/23/2015,18:40:27,10.4,10.0,100.000,9.9,0.0,25.0,
4/23/2015,18:40:33,10.3,10.0,100.000,9.9,0.0,25.0,
4/23/2015,18:40:39,10.1,10.0,100.000,9.9,0.0,25.0,
4/23/2015,18:40:45,10.0,10.0,100.000,9.9,0.0,25.0,
4/23/2015,18:40:51,10.0,10.0,100.000,10.0,0.0,25.0,
4/23/2015,18:40:57,9.9,10.0,100.000,10.0,0.0,25.0,
4/23/2015,18:41:03,9.9,10.0,100.000,10.0,0.0,25.0,
4/23/2015,18:41:09,9.9,10.0,100.000,10.0,0.0,25.0,
4/23/2015,18:41:15,9.9,10.0,100.000,10.1,0.0,25.0,
4/23/2015,18:41:21,9.9,10.0,100.000,10.1,0.0,25.0,
4/23/2015,18:41:27,9.9,10.0,100.000,10.1,0.0,25.0,
4/23/2015,18:41:33,10.0,10.0,100.000,10.1,0.0,25.0,
4/23/2015,18:41:39,10.0,10.0,100.000,10.2,0.0,25.0,
4/23/2015,18:41:45,10.0,10.0,100.000,10.2,0.0,25.0,
4/23/2015,18:41:51,10.0,10.0,100.000,10.2,0.0,25.0,
4/23/2015,18:41:57,10.1,10.0,100.000,10.3,0.0,25.0,
4/23/2015,18:42:03,10.1,10.0,100.000,10.3,0.0,25.0,
4/23/2015,18:42:09,10.1,10.0,100.000,10.3,0.0,25.0,
4/23/2015,18:42:15,10.2,10.0,100.000,10.4,0.0,25.0,
4/23/2015,18:42:21,10.2,10.0,100.000,10.4,0.0,25.0,
4/23/2015,18:42:27,10.2,10.0,100.000,10.4,0.0,25.0,
4/23/2015,18:42:33,10.2,10.0,100.000,10.5,0.0,25.0,
4/23/2015,18:42:39,10.2,10.0,100.000,10.5,0.0,25.0,
4/23/2015,18:42:45,10.2,10.0,100.000,10.5,0.0,25.0,
4/23/2015,18:42:51,10.2,10.0,100.000,10.5,0.0,25.0,
4/23/2015,18:42:57,10.2,10.0,100.000,10.5,0.0,25.0,
4/23/2015,18:43:03,10.1,10.0,100.000,10.5,0.0,25.0,
4/23/2015,18:43:09,10.1,10.0,100.000,10.5,0.0,25.0,
4/23/2015,18:43:15,10.1,10.0,100.000,10.5,0.0,25.0,
4/23/2015,18:43:21,10.1,10.0,100.000,10.5,0.0,25.0,
4/23/2015,18:43:27,10.0,10.0,100.000,10.5,0.0,25.0,
4/23/2015,18:43:33,10.0,10.0,100.000,10.5,0.0,25.0,
4/23/2015,18:43:39,10.0,10.0,100.000,10.4,0.0,25.0,
4/23/2015,18:43:45,10.0,10.0,100.000,10.4,0.0,25.0,
4/23/2015,18:43:51,10.0,10.0,100.000,10.4,0.0,25.0,
4/23/2015,18:43:57,10.0,10.0,100.000,10.5,0.0,25.0,
4/23/2015,18:44:03,10.0,10.0,100.000,10.4,0.0,25.0,
4/23/2015,18:44:09,10.0,10.0,100.000,10.4,0.0,25.0,
4/23/2015,18:44:15,10.0,10.0,100.000,10.4,0.0,25.0,
4/23/2015,18:44:21,10.0,10.0,100.000,10.4,0.0,25.0,
4/23/2015,18:44:27,10.0,10.0,100.000,10.5,0.0,25.0,
4/23/2015,18:44:33,10.0,10.0,100.000,10.5,0.0,25.0,
4/23/2015,18:44:39,10.0,11.0,100.000,10.5,0.0,25.0,
4/23/2015,18:44:45,10.1,12.0,100.000,10.5,0.0,25.0,
4/23/2015,18:44:51,10.4,13.0,100.000,10.5,0.0,25.0,
4/23/2015,18:44:57,11.0,14.2,100.000,10.8,0.0,25.0,
4/23/2015,18:45:03,11.9,15.0,100.000,11.1,0.0,25.0,
4/23/2015,18:45:09,12.9,15.0,100.000,11.5,0.0,25.0,
4/23/2015,18:45:15,14.0,15.0,100.000,12.1,0.0,25.0,
4/23/2015,18:45:21,14.9,15.0,100.000,12.7,0.0,25.0,
4/23/2015,18:45:27,15.5,15.0,100.000,13.3,0.0,25.0,
4/23/2015,18:45:33,15.8,15.0,100.000,13.7,0.0,25.0,
4/23/2015,18:45:39,15.8,15.0,100.000,13.9,0.0,25.0,
4/23/2015,18:45:45,15.7,15.0,100.000,14.1,0.0,25.0,
4/23/2015,18:45:51,15.6,15.0,100.000,14.2,0.0,25.0,
4/23/2015,18:45:57,15.4,15.0,100.000,14.2,0.0,25.0,
4/23/2015,18:46:03,15.3,15.0,100.000,14.2,0.0,25.0,
4/23/2015,18:46:09,15.1,15.0,100.000,14.3,0.0,25.0,
4/23/2015,18:46:15,15.1,15.0,100.000,14.3,0.0,25.0,
4/23/2015,18:46:21,15.1,15.0,100.000,14.3,0.0,25.0,
4/23/2015,18:46:27,15.0,15.0,100.000,14.4,0.0,25.0,
4/23/2015,18:46:33,15.1,15.0,100.000,14.4,0.0,25.0,
4/23/2015,18:46:39,15.1,15.0,100.000,14.5,0.0,25.0,
4/23/2015,18:46:45,15.2,15.0,100.000,14.6,0.0,25.0,
4/23/2015,18:46:51,15.2,15.0,100.000,14.6,0.0,25.0,
4/23/2015,18:46:57,15.2,15.0,100.000,14.7,0.0,25.0,
4/23/2015,18:47:03,15.2,15.0,100.000,14.7,0.0,25.0,
4/23/2015,18:47:09,15.1,15.0,100.000,14.7,0.0,25.0,
4/23/2015,18:47:15,15.1,15.0,100.000,14.7,0.0,25.0,
4/23/2015,18:47:21,15.1,15.0,100.000,14.8,0.0,25.0,
4/23/2015,18:47:27,15.1,15.0,100.000,14.8,0.0,25.0,
4/23/2015,18:47:33,15.1,15.0,100.000,14.8,0.0,25.0,
4/23/2015,18:47:39,15.1,15.0,100.000,14.8,0.0,25.0,
4/23/2015,18:47:45,15.1,15.0,100.000,14.9,0.0,25.0,
4/23/2015,18:47:51,15.1,15.0,100.000,14.9,0.0,25.0,
4/23/2015,18:47:57,15.1,15.0,100.000,14.9,0.0,25.0,
4/23/2015,18:48:03,15.1,15.0,100.000,14.9,0.0,25.0,
4/23/2015,18:48:09,15.1,15.0,100.000,14.9,0.0,25.0,
4/23/2015,18:48:15,15.1,15.0,100.000,15.0,0.0,25.0,
4/23/2015,18:48:21,15.1,15.0,100.000,15.0,0.0,25.0,
4/23/2015,18:48:27,15.1,15.0,100.000,15.0,0.0,25.0,
4/23/2015,18:48:33,15.1,15.0,100.000,15.0,0.0,25.0,
4/23/2015,18:48:39,15.0,15.0,100.000,15.0,0.0,25.0,
4/23/2015,18:48:45,14.9,15.0,100.000,14.9,0.0,25.0,
4/23/2015,18:48:51,14.9,15.0,100.000,14.9,0.0,25.0,
4/23/2015,18:48:57,14.9,15.0,100.000,14.9,0.0,25.0,
4/23/2015,18:49:03,14.9,15.0,100.000,14.9,0.0,25.0,
4/23/2015,18:49:09,15.0,15.0,100.000,15.0,0.0,25.0,
4/23/2015,18:49:15,15.0,15.0,100.000,15.0,0.0,25.0,
4/23/2015,18:49:21,15.1,15.0,100.000,15.0,0.0,25.0,
4/23/2015,18:49:27,15.1,15.0,100.000,15.0,0.0,25.0,
4/23/2015,18:49:33,15.1,15.0,100.000,15.0,0.0,25.0,
4/23/2015,18:49:39,15.1,15.0,100.000,15.1,0.0,25.0,
4/23/2015,18:49:45,15.1,15.0,100.000,15.1,0.0,25.0,
4/23/2015,18:49:51,15.1,15.0,100.000,15.1,0.0,25.0,
4/23/2015,18:49:57,15.1,15.0,100.000,15.1,0.0,25.0,
4/23/2015,18:50:03,15.1,15.2,100.000,15.1,0.0,25.0,
4/23/2015,18:50:09,15.1,16.2,100.000,15.1,0.0,25.0,
4/23/2015,18:50:15,15.2,17.2,100.000,15.1,0.0,25.0,
4/23/2015,18:50:21,15.6,18.0,100.000,15.2,0.0,25.0,
4/23/2015,18:50:27,16.2,19.0,100.000,15.4,0.0,25.0,
4/23/2015,18:50:33,17.4,20.0,100.000,15.8,0.0,25.0,
4/23/2015,18:50:39,19.2,20.0,100.000,16.5,0.0,25.0,
4/23/2015,18:50:45,20.9,20.0,100.000,17.4,0.0,25.0,
4/23/2015,18:50:51,22.0,20.0,100.000,18.2,0.0,25.0,
4/23/2015,18:50:57,22.3,20.0,100.000,18.7,0.0,25.0,
4/23/2015,18:51:03,22.3,20.0,100.000,19.1,0.0,25.0,
4/23/2015,18:51:09,21.9,20.0,100.000,19.3,0.0,25.0,
4/23/2015,18:51:15,21.2,20.0,100.000,19.3,0.0,25.0,
4/23/2015,18:51:21,20.4,20.0,100.000,19.1,0.0,25.0,
4/23/2015,18:51:27,19.8,20.0,100.000,18.9,0.0,25.0,
4/23/2015,18:51:33,19.4,20.0,100.000,18.7,0.0,25.0,
4/23/2015,18:51:39,19.1,20.0,100.000,18.6,0.0,25.0,
4/23/2015,18:51:45,19.1,20.0,100.000,18.6,0.0,25.0,
4/23/2015,18:51:51,19.3,20.0,100.000,18.6,0.0,25.0,
4/23/2015,18:51:57,19.5,20.0,100.000,18.7,0.0,25.0,
4/23/2015,18:52:03,19.7,20.0,100.000,18.8,0.0,25.0,
4/23/2015,18:52:09,19.9,20.0,100.000,19.0,0.0,25.0,
4/23/2015,18:52:15,20.1,20.0,100.000,19.1,0.0,25.0,
4/23/2015,18:52:21,20.1,20.0,100.000,19.2,0.0,25.0,
4/23/2015,18:52:27,20.2,20.0,100.000,19.3,0.0,25.0,
4/23/2015,18:52:33,20.2,20.0,100.000,19.3,0.0,25.0,
4/23/2015,18:52:39,20.2,20.0,100.000,19.4,0.0,25.0,
4/23/2015,18:52:45,20.1,20.0,100.000,19.4,0.0,25.0,
4/23/2015,18:52:51,20.1,20.0,100.000,19.4,0.0,25.0,
4/23/2015,18:52:57,20.1,20.0,100.000,19.4,0.0,25.0,
4/23/2015,18:53:03,20.1,20.0,100.000,19.5,0.0,25.0,
4/23/2015,18:53:09,20.1,20.0,100.000,19.5,0.0,25.0,
4/23/2015,18:53:15,20.1,20.0,100.000,19.5,0.0,25.0,
4/23/2015,18:53:21,20.1,20.0,100.000,19.6,0.0,25.0,
4/23/2015,18:53:27,20.1,20.0,100.000,19.6,0.0,25.0,
4/23/2015,18:53:33,20.1,20.0,100.000,19.6,0.0,25.0,
4/23/2015,18:53:39,20.2,20.0,100.000,19.7,0.0,25.0,
4/23/2015,18:53:45,20.2,20.0,100.000,19.7,0.0,25.0,
4/23/2015,18:53:51,20.2,20.0,100.000,19.7,0.0,25.0,
4/23/2015,18:53:57,20.1,20.0,100.000,19.8,0.0,25.0,
4/23/2015,18:54:03,20.1,20.0,100.000,19.8,0.0,25.0,
4/23/2015,18:54:09,20.1,20.0,100.000,19.8,0.0,25.0,
4/23/2015,18:54:15,20.1,20.0,100.000,19.8,0.0,25.0,
4/23/2015,18:54:21,20.0,20.0,100.000,19.7,0.0,25.0,
4/23/2015,18:54:27,20.1,20.0,100.000,19.8,0.0,25.0,
4/23/2015,18:54:33,20.1,20.0,100.000,19.8,0.0,25.0,
4/23/2015,18:54:39,20.1,20.0,100.000,19.8,0.0,25.0,
4/23/2015,18:54:45,20.1,20.0,100.000,19.8,0.0,25.0,
4/23/2015,18:54:51,20.1,20.0,100.000,19.8,0.0,25.0,
4/23/2015,18:54:57,20.1,20.0,100.000,19.8,0.0,25.0,
4/23/2015,18:55:03,20.0,20.0,100.000,19.8,0.0,25.0,
4/23/2015,18:55:09,20.0,20.0,100.000,19.8,0.0,25.0,
4/23/2015,18:55:15,20.0,20.0,100.000,19.9,0.0,25.0,
4/23/2015,18:55:21,20.1,20.0,100.000,19.9,0.0,25.0,
4/23/2015,18:55:27,20.0,20.0,100.000,19.8,0.0,25.0,
4/23/2015,18:55:33,20.0,20.0,100.000,19.8,0.0,25.0,
4/23/2015,18:55:39,20.1,21.0,100.000,19.9,0.0,25.0,
4/23/2015,18:55:45,20.3,22.0,100.000,19.9,0.0,25.0,
4/23/2015,18:55:51,20.9,23.2,100.000,20.1,0.0,25.0,
4/23/2015,18:55:57,22.1,24.2,100.000,20.5,0.0,25.0,
4/23/2015,18:56:03,23.6,25.0,100.000,21.2,0.0,25.0,
4/23/2015,18:56:09,25.2,25.0,100.000,22.0,0.0,25.0,
4/23/2015,18:56:15,26.3,25.0,100.000,22.8,0.0,25.0,
4/23/2015,18:56:21,26.7,25.0,100.000,23.4,0.0,25.0,
4/23/2015,18:56:27,26.7,25.0,100.000,23.8,0.0,25.0,
4/23/2015,18:56:33,26.5,25.0,100.000,24.0,0.0,25.0,
4/23/2015,18:56:39,26.0,25.0,100.000,24.0,0.0,25.0,
4/23/2015,18:56:45,25.6,25.0,100.000,23.9,0.0,25.0,
4/23/2015,18:56:51,25.2,25.0,100.000,23.9,0.0,25.0,
4/23/2015,18:56:57,24.9,25.0,100.000,23.8,0.0,25.0,
4/23/2015,18:57:03,24.6,25.0,100.000,23.6,0.0,25.0,
4/23/2015,18:57:09,24.4,25.0,100.000,23.6,0.0,25.0,
4/23/2015,18:57:15,24.4,25.0,100.000,23.6,0.0,25.0,
4/23/2015,18:57:21,24.5,25.0,100.000,23.6,0.0,25.0,
4/23/2015,18:57:27,24.6,25.0,100.000,23.7,0.0,25.0,
4/23/2015,18:57:33,24.8,25.0,100.000,23.8,0.0,25.0,
4/23/2015,18:57:39,24.9,25.0,100.000,23.9,0.0,25.0,
4/23/2015,18:57:45,25.0,25.0,100.000,23.9,0.0,25.0,
4/23/2015,18:57:51,25.1,25.0,100.000,24.0,0.0,25.0,
4/23/2015,18:57:57,25.1,25.0,100.000,24.1,0.0,25.0,
4/23/2015,18:58:03,25.1,25.0,100.000,24.2,0.0,25.0,
4/23/2015,18:58:09,25.0,25.0,100.000,24.2,0.0,25.0,
4/23/2015,18:58:15,25.1,25.0,100.000,24.2,0.0,25.0,
4/23/2015,18:58:21,25.1,25.0,100.000,24.2,0.0,25.0,
4/23/2015,18:58:27,25.0,25.0,100.000,24.3,0.0,25.0,
4/23/2015,18:58:33,25.0,25.0,100.000,24.3,0.0,25.0,
4/23/2015,18:58:39,25.0,25.0,100.000,24.3,0.0,25.0,
4/23/2015,18:58:45,25.0,25.0,100.000,24.3,0.0,25.0,
4/23/2015,18:58:51,25.0,25.0,100.000,24.4,0.0,25.0,
4/23/2015,18:58:57,25.1,25.0,100.000,24.4,0.0,25.0,
4/23/2015,18:59:03,25.1,25.0,100.000,24.5,0.0,25.0,
4/23/2015,18:59:09,25.2,25.0,100.000,24.5,0.0,25.0,
4/23/2015,18:59:15,25.2,25.0,100.000,24.6,0.0,25.0,
4/23/2015,18:59:21,25.2,25.0,100.000,24.6,0.0,25.0,
4/23/2015,18:59:27,25.1,25.0,100.000,24.6,0.0,25.0,
4/23/2015,18:59:33,25.1,25.0,100.000,24.6,0.0,25.0,
4/23/2015,18:59:39,25.0,25.0,100.000,24.6,0.0,25.0,
4/23/2015,18:59:45,25.0,25.0,100.000,24.6,0.0,25.0,
4/23/2015,18:59:51,25.1,25.0,100.000,24.6,0.0,25.0,
4/23/2015,18:59:57,25.1,25.0,100.000,24.6,0.0,25.0,
4/23/2015,19:00:03,25.1,25.0,100.000,24.6,0.0,25.0,
4/23/2015,19:00:09,25.1,25.0,100.000,24.7,0.0,25.0,
4/23/2015,19:00:15,25.1,25.0,100.000,24.7,0.0,25.0,
4/23/2015,19:00:21,25.1,25.0,100.000,24.7,0.0,25.0,
4/23/2015,19:00:27,25.0,25.0,100.000,24.7,0.0,25.0,
4/23/2015,19:00:33,25.0,25.0,100.000,24.7,0.0,25.0,
4/23/2015,19:00:39,25.0,25.0,100.000,24.7,0.0,25.0,
4/23/2015,19:00:45,25.1,25.0,100.000,24.7,0.0,25.0,
4/23/2015,19:00:51,25.1,25.0,100.000,24.7,0.0,25.0,
4/23/2015,19:00:57,25.1,25.0,100.000,24.7,0.0,25.0,
4/23/2015,19:01:03,25.1,25.2,100.000,24.7,0.0,25.0,
4/23/2015,19:01:09,25.1,26.2,100.000,24.7,0.0,25.0,
4/23/2015,19:01:15,25.3,27.2,100.000,24.8,0.0,25.0,
4/23/2015,19:01:21,26.0,28.0,100.000,25.0,0.0,25.0,
4/23/2015,19:01:27,27.2,29.0,100.000,25.5,0.0,25.0,
4/23/2015,19:01:33,28.7,30.0,100.000,26.1,0.0,0.0,
4/23/2015,19:01:39,30.1,30.0,100.000,26.9,0.0,0.0,
4/23/2015,19:01:45,31.2,30.0,100.000,27.6,0.0,0.0,
4/23/2015,19:01:51,31.6,30.0,100.000,28.2,0.0,0.0,
4/23/2015,19:01:57,31.6,30.0,100.000,28.5,0.0,0.0,
4/23/2015,19:02:03,31.3,30.0,100.000,28.7,0.0,0.0,
4/23/2015,19:02:09,30.9,30.0,100.000,28.7,0.0,0.0,
4/23/2015,19:02:15,30.5,30.0,100.000,28.6,0.0,0.0,
4/23/2015,19:02:21,30.1,30.0,100.000,28.6,0.0,0.0,
4/23/2015,19:02:27,29.7,30.0,100.000,28.5,0.0,0.0,
4/23/2015,19:02:33,29.5,30.0,100.000,28.4,0.0,0.0,
4/23/2015,19:02:39,29.4,30.0,100.000,28.4,0.0,0.0,
4/23/2015,19:02:45,29.4,30.0,100.000,28.4,0.0,0.0,
4/23/2015,19:02:51,29.6,30.0,100.000,28.5,0.0,0.0,
4/23/2015,19:02:57,29.7,30.0,100.000,28.6,0.0,0.0,
4/23/2015,19:03:03,29.8,30.0,100.000,28.6,0.0,0.0,
4/23/2015,19:03:09,30.0,30.0,100.000,28.7,0.0,0.0,
4/23/2015,19:03:15,30.0,30.0,100.000,28.8,0.0,0.0,
4/23/2015,19:03:21,30.1,30.0,100.000,28.9,0.0,0.0,
4/23/2015,19:03:27,30.1,30.0,100.000,29.0,0.0,0.0,
4/23/2015,19:03:33,30.1,30.0,100.000,29.0,0.0,0.0,
4/23/2015,19:03:39,30.1,30.0,100.000,29.0,0.0,0.0,
4/23/2015,19:03:45,30.1,30.0,100.000,29.1,0.0,0.0,
4/23/2015,19:03:51,30.0,30.0,100.000,29.1,0.0,0.0,
4/23/2015,19:03:57,30.0,30.0,100.000,29.2,0.0,0.0,
4/23/2015,19:04:03,30.0,30.0,100.000,29.2,0.0,0.0,
4/23/2015,19:04:09,30.0,30.0,100.000,29.2,0.0,0.0,
4/23/2015,19:04:15,30.0,30.0,100.000,29.2,0.0,0.0,
4/23/2015,19:04:21,30.0,30.0,100.000,29.2,0.0,0.0,
4/23/2015,19:04:27,30.1,30.0,100.000,29.3,0.0,0.0,
4/23/2015,19:04:33,30.2,30.0,100.000,29.3,0.0,0.0,
4/23/2015,19:04:39,30.3,30.0,100.000,29.4,0.0,0.0,
4/23/2015,19:04:45,30.3,30.0,100.000,29.4,0.0,0.0,
4/23/2015,19:04:51,30.2,30.0,100.000,29.4,0.0,0.0,
4/23/2015,19:04:57,30.1,30.0,100.000,29.4,0.0,0.0,
4/23/2015,19:05:03,30.0,30.0,100.000,29.4,0.0,0.0,
4/23/2015,19:05:09,30.0,30.0,100.000,29.4,0.0,0.0,
4/23/2015,19:05:15,30.0,30.0,100.000,29.4,0.0,0.0,
4/23/2015,19:05:21,30.1,30.0,100.000,29.5,0.0,0.0,
4/23/2015,19:05:27,30.1,30.0,100.000,29.5,0.0,0.0,
4/23/2015,19:05:33,30.2,30.0,100.000,29.5,0.0,0.0,
4/23/2015,19:05:39,30.1,30.0,100.000,29.5,0.0,0.0,
4/23/2015,19:05:45,30.1,30.0,100.000,29.5,0.0,0.0,
4/23/2015,19:05:51,30.1,30.0,100.000,29.6,0.0,0.0,
4/23/2015,19:05:57,30.0,30.0,100.000,29.6,0.0,0.0,
4/23/2015,19:06:03,30.0,30.0,100.000,29.5,0.0,0.0,
4/23/2015,19:06:09,30.0,30.0,100.000,29.6,0.0,0.0,
4/23/2015,19:06:15,30.0,30.0,100.000,29.6,0.0,0.0,
4/23/2015,19:06:21,30.1,30.0,100.000,29.6,0.0,0.0,
4/23/2015,19:06:27,30.1,30.0,100.000,29.6,0.0,0.0,
4/23/2015,19:06:33,30.1,30.0,100.000,29.6,0.0,0.0,
4/23/2015,19:06:39,30.0,31.0,100.000,29.6,0.0,0.0,
4/23/2015,19:06:45,30.2,32.0,100.000,29.6,0.0,0.0,
4/23/2015,19:06:51,31.0,33.2,100.000,29.8,0.0,0.0,
4/23/2015,19:06:57,32.2,34.2,100.000,30.3,0.0,0.0,
4/23/2015,19:07:03,33.7,35.0,100.000,31.0,0.0,0.0,
4/23/2015,19:07:09,35.3,35.0,100.000,31.8,0.0,0.0,
4/23/2015,19:07:15,36.4,35.0,100.000,32.5,0.0,0.0,
4/23/2015,19:07:21,36.8,35.0,100.000,33.1,0.0,0.0,
4/23/2015,19:07:27,36.7,35.0,100.000,33.5,0.0,0.0,
4/23/2015,19:07:33,36.4,35.0,100.000,33.6,0.0,0.0,
4/23/2015,19:07:39,35.9,35.0,100.000,33.6,0.0,0.0,
4/23/2015,19:07:45,35.4,35.0,100.000,33.6,0.0,0.0,
4/23/2015,19:07:51,35.0,35.0,100.000,33.4,0.0,0.0,
4/23/2015,19:07:57,34.6,35.0,100.000,33.3,0.0,0.0,
4/23/2015,19:08:03,34.4,35.0,100.000,33.2,0.0,0.0,
4/23/2015,19:08:09,34.3,35.0,100.000,33.2,0.0,0.0,
4/23/2015,19:08:15,34.4,35.0,100.000,33.2,0.0,0.0,
4/23/2015,19:08:21,34.5,35.0,100.000,33.3,0.0,0.0,
4/23/2015,19:08:27,34.6,35.0,100.000,33.4,0.0,0.0,
4/23/2015,19:08:33,34.8,35.0,100.000,33.5,0.0,0.0,
4/23/2015,19:08:39,35.0,35.0,100.000,33.6,0.0,0.0,
4/23/2015,19:08:45,35.1,35.0,100.000,33.8,0.0,0.0,
4/23/2015,19:08:51,35.1,35.0,100.000,33.8,0.0,0.0,
4/23/2015,19:08:57,35.1,35.0,100.000,33.9,0.0,0.0,
4/23/2015,19:09:03,35.1,35.0,100.000,33.9,0.0,0.0,
4/23/2015,19:09:09,35.0,35.0,100.000,34.0,0.0,0.0,
4/23/2015,19:09:15,35.0,35.0,100.000,34.0,0.0,0.0,
4/23/2015,19:09:21,35.0,35.0,100.000,34.0,0.0,0.0,
4/23/2015,19:09:27,35.0,35.0,100.000,34.0,0.0,0.0,
4/23/2015,19:09:33,35.0,35.0,100.000,34.1,0.0,0.0,
4/23/2015,19:09:39,35.0,35.0,100.000,34.1,0.0,0.0,
4/23/2015,19:09:45,35.0,35.0,100.000,34.1,0.0,0.0,
4/23/2015,19:09:51,35.1,35.0,100.000,34.2,0.0,0.0,
4/23/2015,19:09:57,35.1,35.0,100.000,34.2,0.0,0.0,
4/23/2015,19:10:03,35.2,35.0,100.000,34.3,0.0,0.0,
4/23/2015,19:10:09,35.3,35.0,100.000,34.3,0.0,0.0,
4/23/2015,19:10:15,35.3,35.0,100.000,34.4,0.0,0.0,
4/23/2015,19:10:21,35.2,35.0,100.000,34.4,0.0,0.0,
4/23/2015,19:10:27,35.1,35.0,100.000,34.4,0.0,0.0,
4/23/2015,19:10:33,35.0,35.0,100.000,34.3,0.0,0.0,
4/23/2015,19:10:39,35.0,35.0,100.000,34.3,0.0,0.0,
4/23/2015,19:10:45,35.0,35.0,100.000,34.3,0.0,0.0,
4/23/2015,19:10:51,35.1,35.0,100.000,34.4,0.0,0.0,
4/23/2015,19:10:57,35.1,35.0,100.000,34.4,0.0,0.0,
4/23/2015,19:11:03,35.1,35.0,100.000,34.4,0.0,0.0,
4/23/2015,19:11:09,35.1,35.0,100.000,34.4,0.0,0.0,
4/23/2015,19:11:15,35.1,35.0,100.000,34.4,0.0,0.0,
4/23/2015,19:11:21,35.1,35.0,100.000,34.4,0.0,0.0,
4/23/2015,19:11:27,35.0,35.0,100.000,34.4,0.0,0.0,
4/23/2015,19:11:33,35.1,35.0,100.000,34.4,0.0,0.0,
4/23/2015,19:11:39,35.0,35.0,100.000,34.5,0.0,0.0,
4/23/2015,19:11:45,35.1,35.0,100.000,34.5,0.0,0.0,
4/23/2015,19:11:51,35.1,35.0,100.000,34.5,0.0,0.0,
4/23/2015,19:11:57,35.1,35.0,100.000,34.5,0.0,0.0,
4/23/2015,19:12:03,35.0,34.9,100.000,34.5,0.0,0.0,
4/23/2015,19:12:09,35.1,34.2,100.000,34.5,0.0,0.0,
4/23/2015,19:12:15,35.0,33.7,100.000,34.6,0.0,0.0,
4/23/2015,19:12:21,34.9,33.0,100.000,34.5,0.0,0.0,
4/23/2015,19:12:27,34.7,32.3,100.000,34.5,0.0,0.0,
4/23/2015,19:12:33,34.5,31.7,100.000,34.4,0.0,0.0,
4/23/2015,19:12:39,34.1,30.9,100.000,34.2,0.0,0.0,
4/23/2015,19:12:45,33.6,30.2,100.000,34.0,0.0,0.0,
4/23/2015,19:12:51,32.9,29.6,100.000,33.6,0.0,0.0,
4/23/2015,19:12:57,32.1,29.0,100.000,33.2,0.0,0.0,
4/23/2015,19:13:03,31.3,28.3,100.000,32.7,0.0,0.0,
4/23/2015,19:13:09,30.2,27.7,100.000,32.1,0.0,0.0,
4/23/2015,19:13:15,29.1,27.0,100.000,31.5,0.0,0.0,
4/23/2015,19:13:21,28.1,26.2,100.000,30.8,0.0,0.0,
4/23/2015,19:13:27,27.2,25.6,100.000,30.1,0.0,0.0,
4/23/2015,19:13:33,26.2,25.0,100.000,29.4,0.0,0.0,
4/23/2015,19:13:39,25.6,25.0,100.000,28.8,0.0,0.0,
4/23/2015,19:13:45,25.3,25.0,100.000,28.5,0.0,0.0,
4/23/2015,19:13:51,25.2,25.0,100.000,28.3,0.0,0.0,
4/23/2015,19:13:57,25.2,25.0,100.000,28.1,0.0,0.0,
4/23/2015,19:14:03,25.3,25.0,100.000,28.1,0.0,0.0,
4/23/2015,19:14:09,25.4,25.0,100.000,28.1,0.0,0.0,
4/23/2015,19:14:15,25.4,25.0,100.000,28.1,0.0,0.0,
4/23/2015,19:14:21,25.5,25.0,100.000,28.1,0.0,0.0,
4/23/2015,19:14:27,25.6,25.0,100.000,28.1,0.0,0.0,
4/23/2015,19:14:33,25.7,25.0,100.000,28.1,0.0,0.0,
4/23/2015,19:14:39,25.8,25.0,100.000,28.1,0.0,0.0,
4/23/2015,19:14:45,25.9,25.0,100.000,28.1,0.0,0.0,
4/23/2015,19:14:51,25.9,25.0,100.000,28.2,0.0,0.0,
4/23/2015,19:14:57,26.0,25.0,100.000,28.2,0.0,0.0,
4/23/2015,19:15:03,26.1,25.0,100.000,28.2,0.0,0.0,
4/23/2015,19:15:09,26.2,25.0,100.000,28.2,0.0,0.0,
4/23/2015,19:15:15,26.3,25.0,100.000,28.3,0.0,0.0,
4/23/2015,19:15:21,26.4,25.0,100.000,28.3,0.0,0.0,
4/23/2015,19:15:27,26.5,25.0,100.000,28.3,0.0,0.0,
4/23/2015,19:15:33,26.6,25.0,100.000,28.3,0.0,0.0,
4/23/2015,19:15:39,26.7,25.0,100.000,28.4,0.0,0.0,
4/23/2015,19:15:45,26.7,25.0,100.000,28.4,0.0,0.0,
4/23/2015,19:15:51,26.8,25.0,100.000,28.3,0.0,0.0,
4/23/2015,19:15:57,26.9,25.0,100.000,28.1,0.0,0.0,
4/23/2015,19:16:03,26.9,25.0,100.000,27.9,0.0,0.0,
4/23/2015,19:16:09,27.0,25.0,100.000,27.8,0.0,0.0,
4/23/2015,19:16:15,27.0,25.0,100.000,27.6,0.0,0.0,
4/23/2015,19:16:21,27.1,25.0,100.000,27.4,0.0,0.0,
4/23/2015,19:16:27,27.2,25.0,100.000,27.3,0.0,0.0,
4/23/2015,19:16:33,27.2,25.0,100.000,27.1,0.0,0.0,
4/23/2015,19:16:39,27.3,25.0,100.000,27.0,0.0,0.0,
4/23/2015,19:16:45,27.3,25.0,100.000,26.9,0.0,0.0,
4/23/2015,19:16:51,27.4,25.0,100.000,26.8,0.0,0.0,
4/23/2015,19:16:57,27.4,25.0,100.000,26.7,0.0,0.0,
4/23/2015,19:17:03,27.5,25.0,100.000,26.6,0.0,0.0,
4/23/2015,19:17:09,27.5,25.0,100.000,26.5,0.0,0.0,
4/23/2015,19:17:15,27.5,25.0,100.000,26.4,0.0,0.0,
4/23/2015,19:17:21,27.6,25.0,100.000,26.3,0.0,0.0,
4/23/2015,19:17:27,27.6,25.0,100.000,26.3,0.0,0.0,
4/23/2015,19:17:33,27.7,25.0,100.000,26.2,0.0,0.0,
4/23/2015,19:17:39,27.7,25.0,100.000,26.2,0.0,0.0,
4/23/2015,19:17:45,27.7,25.0,100.000,26.1,0.0,0.0,
